{"is_source_file": false, "format": "", "description": "", "external_files": [], "external_methods": [], "published": [], "classes": [], "methods": [], "calls": [], "search-terms": [], "state": 2, "file_id": 12, "knowledge_revision": 17, "git_revision": "196fe6596a45f2788ed3011a1de2fee37f04343e", "hash": "bc4fac441a3c02c22e40e192b6f414df", "format-version": 4, "code-base-name": "tic_tac_toe_frontend", "filename": "README.md", "revision_history": [{"17": "196fe6596a45f2788ed3011a1de2fee37f04343e"}]}