{"is_source_file": false, "format": "CSS", "description": "This is a CSS stylesheet defining the visual styling and theming for the Tic Tac Toe frontend application. It includes root variables for colors and measurements, and styles for layout components such as the app shell, game board, cells, buttons, banners, and responsive behavior.", "external_files": [], "external_methods": [], "published": [], "classes": [], "methods": [], "calls": [], "search-terms": ["TicTacToe", "CSS Theme", "game board styling", "CSS variables", "UI components"], "state": 2, "file_id": 6, "knowledge_revision": 38, "git_revision": "193766ce68e6af4c96c1d350ef94527f64e41a81", "hash": "7f70a8831ef3bb3a95e1387bf98c6123", "format-version": 4, "code-base-name": "tic_tac_toe_frontend", "filename": "tic_tac_toe_frontend/src/App.css", "revision_history": [{"38": "193766ce68e6af4c96c1d350ef94527f64e41a81"}]}