{"is_source_file": true, "format": "JavaScript (React JSX)", "description": "Source code for the main React component of a Tic Tac Toe game frontend, including UI components, game state management, and interaction handling.", "external_files": ["./gameLogic", "./App.css"], "external_methods": ["createEmptyBoard", "getWinner", "isDraw"], "published": ["default (App component)"], "classes": [], "methods": [{"name": "Square({ value, index, onClick, disabled })", "description": "A stateless functional component representing a single square on the Tic Tac Toe board.", "scope": "", "scopeKind": ""}, {"name": "Board({ squares, onSquareClick, disabled })", "description": "Component representing the 3x3 game board, composed of multiple Square components.", "scope": "", "scopeKind": ""}, {"name": "App()", "description": "Main React component managing the game state, rendering the UI, and handling user interactions.", "scope": "", "scopeKind": ""}, {"name": "handleSquareClick", "description": "Handles user clicks on a square; updates board state and switches active player."}, {"name": "handleRestart", "description": "Resets game state to start a new game."}], "calls": ["createEmptyBoard()", "getWinner(board)", "isDraw(board)"], "search-terms": ["React Tic Tac Toe", "App component", "useEffect focus control", "gameLogic methods", "state management"], "state": 2, "file_id": 3, "knowledge_revision": 33, "git_revision": "a57cb35c5f41cd6104fcaf424cdf4627e58904bc", "revision_history": [{"23": "25e97ec5f22675d1443b6bab04f39a33fbad7fc9"}, {"26": "25e97ec5f22675d1443b6bab04f39a33fbad7fc9"}, {"31": "a57cb35c5f41cd6104fcaf424cdf4627e58904bc"}, {"33": "a57cb35c5f41cd6104fcaf424cdf4627e58904bc"}], "ctags": [{"_type": "tag", "name": "App", "path": "/home/kavia/workspace/code-generation/simple-web-tic-tac-toe-318599-318608/tic_tac_toe_frontend/src/App.js", "pattern": "/^function App() {$/", "language": "JavaScript", "kind": "function", "signature": "()"}, {"_type": "tag", "name": "Board", "path": "/home/kavia/workspace/code-generation/simple-web-tic-tac-toe-318599-318608/tic_tac_toe_frontend/src/App.js", "pattern": "/^function Board({ squares, onSquareClick, disabled }) {$/", "language": "JavaScript", "kind": "function", "signature": "({ squares, onSquareClick, disabled })"}, {"_type": "tag", "name": "Row ${row} Column ${col}: ${valueLabel}", "path": "/home/kavia/workspace/code-generation/simple-web-tic-tac-toe-318599-318608/tic_tac_toe_frontend/src/App.js", "pattern": "/^      aria-label={`Row ${row} Column ${col}: ${valueLabel}`}$/", "language": "JavaScript", "kind": "field", "scope": "Square.aria", "scopeKind": "class"}, {"_type": "tag", "name": "Square", "path": "/home/kavia/workspace/code-generation/simple-web-tic-tac-toe-318599-318608/tic_tac_toe_frontend/src/App.js", "pattern": "/^function Square({ value, index, onClick, disabled }) {$/", "language": "JavaScript", "kind": "function", "signature": "({ value, index, onClick, disabled })"}, {"_type": "tag", "name": "board", "path": "/home/kavia/workspace/code-generation/simple-web-tic-tac-toe-318599-318608/tic_tac_toe_frontend/src/App.js", "pattern": "/^              squares={board}$/", "language": "JavaScript", "kind": "field", "scope": "App.squares", "scopeKind": "class"}, {"_type": "tag", "name": "disabled", "path": "/home/kavia/workspace/code-generation/simple-web-tic-tac-toe-318599-318608/tic_tac_toe_frontend/src/App.js", "pattern": "/^      disabled={disabled}$/", "language": "JavaScript", "kind": "field", "scope": "Square.disabled", "scopeKind": "class"}, {"_type": "tag", "name": "gameEnded", "path": "/home/kavia/workspace/code-generation/simple-web-tic-tac-toe-318599-318608/tic_tac_toe_frontend/src/App.js", "pattern": "/^              disabled={gameEnded}$/", "language": "JavaScript", "kind": "field", "scope": "App.disabled", "scopeKind": "class"}, {"_type": "tag", "name": "handleRestart", "path": "/home/kavia/workspace/code-generation/simple-web-tic-tac-toe-318599-318608/tic_tac_toe_frontend/src/App.js", "pattern": "/^              onClick={handleRestart}$/", "language": "JavaScript", "kind": "field", "scope": "App.onClick", "scopeKind": "class"}, {"_type": "tag", "name": "handleSquareClick", "path": "/home/kavia/workspace/code-generation/simple-web-tic-tac-toe-318599-318608/tic_tac_toe_frontend/src/App.js", "pattern": "/^              onSquareClick={handleSquareClick}$/", "language": "JavaScript", "kind": "field", "scope": "App.onSquareClick", "scopeKind": "class"}, {"_type": "tag", "name": "onClick", "path": "/home/kavia/workspace/code-generation/simple-web-tic-tac-toe-318599-318608/tic_tac_toe_frontend/src/App.js", "pattern": "/^      onClick={onClick}$/", "language": "JavaScript", "kind": "field", "scope": "Square.onClick", "scopeKind": "class"}, {"_type": "tag", "name": "statusRef", "path": "/home/kavia/workspace/code-generation/simple-web-tic-tac-toe-318599-318608/tic_tac_toe_frontend/src/App.js", "pattern": "/^              ref={statusRef}$/", "language": "JavaScript", "kind": "field", "scope": "App.ref", "scopeKind": "class"}], "hash": "297a4782d31cc86ce63215ad573cec87", "format-version": 4, "code-base-name": "tic_tac_toe_frontend", "filename": "tic_tac_toe_frontend/src/App.js", "fields": [{"name": "aria-label={`Row ${row} Column ${col}: ${valueLabel}`}", "scope": "Square.aria", "scopeKind": "class", "description": "unavailable"}, {"name": "squares={board}", "scope": "App.squares", "scopeKind": "class", "description": "unavailable"}, {"name": "disabled={disabled}", "scope": "Square.disabled", "scopeKind": "class", "description": "unavailable"}, {"name": "disabled={gameEnded}", "scope": "App.disabled", "scopeKind": "class", "description": "unavailable"}, {"name": "onClick={handleRestart}", "scope": "App.onClick", "scopeKind": "class", "description": "unavailable"}, {"name": "onSquareClick={handleSquareClick}", "scope": "App.onSquareClick", "scopeKind": "class", "description": "unavailable"}, {"name": "onClick={onClick}", "scope": "Square.onClick", "scopeKind": "class", "description": "unavailable"}, {"name": "ref={statusRef}", "scope": "App.ref", "scopeKind": "class", "description": "unavailable"}]}