{"is_source_file": false, "format": "", "description": "", "external_files": [], "external_methods": [], "published": [], "classes": [], "methods": [], "calls": [], "search-terms": [], "state": 2, "file_id": 6, "knowledge_revision": 58, "git_revision": "843056b38e6966f8f47a6da002158942392d0bd1", "hash": "5d27598ce965c35e43e802e3c0a090dc", "format-version": 4, "code-base-name": "tic_tac_toe_frontend", "filename": "tic_tac_toe_frontend/src/App.css", "revision_history": [{"58": "843056b38e6966f8f47a6da002158942392d0bd1"}]}