{"is_source_file": false, "format": "", "description": "", "external_files": [], "external_methods": [], "published": [], "classes": [], "methods": [], "calls": [], "search-terms": [], "state": 2, "file_id": 5, "knowledge_revision": 35, "git_revision": "d42a99232bbfb788c94c2cb39d56607a8f3746de", "hash": "6eb0750fb4a90266ad3b26382dfe0bca", "format-version": 4, "code-base-name": "tic_tac_toe_frontend", "filename": "tic_tac_toe_frontend/src/index.css", "revision_history": [{"35": "d42a99232bbfb788c94c2cb39d56607a8f3746de"}]}