{"is_source_file": false, "format": "", "description": "", "external_files": [], "external_methods": [], "published": [], "classes": [], "methods": [], "calls": [], "search-terms": ["App.css", "CSS", "styling", "theme", "CSS variables", "Tic Tac Toe style"], "state": 2, "file_id": 6, "knowledge_revision": 34, "git_revision": "d42a99232bbfb788c94c2cb39d56607a8f3746de", "hash": "295461489dfc66557f6832e260b7c45e", "format-version": 4, "code-base-name": "tic_tac_toe_frontend", "filename": "tic_tac_toe_frontend/src/App.css", "revision_history": [{"34": "d42a99232bbfb788c94c2cb39d56607a8f3746de"}]}