{"is_source_file": true, "file_id": 13, "git_revision": "", "state": 1, "description": "", "external_files": [], "external_methods": [], "published": [], "classes": [], "methods": [], "calls": [], "search-terms": [], "ctags": [{"_type": "tag", "name": "WIN_LINES", "path": "/home/kavia/workspace/code-generation/simple-web-tic-tac-toe-318599-318608/tic_tac_toe_frontend/src/gameLogic.js", "pattern": "/^const WIN_LINES = [$/", "language": "JavaScript", "kind": "constant"}, {"_type": "tag", "name": "createEmptyBoard", "path": "/home/kavia/workspace/code-generation/simple-web-tic-tac-toe-318599-318608/tic_tac_toe_frontend/src/gameLogic.js", "pattern": "/^export function createEmptyBoard() {$/", "language": "JavaScript", "kind": "function", "signature": "()"}, {"_type": "tag", "name": "getWinner", "path": "/home/kavia/workspace/code-generation/simple-web-tic-tac-toe-318599-318608/tic_tac_toe_frontend/src/gameLogic.js", "pattern": "/^export function getWinner(board) {$/", "language": "JavaScript", "kind": "function", "signature": "(board)"}, {"_type": "tag", "name": "isDraw", "path": "/home/kavia/workspace/code-generation/simple-web-tic-tac-toe-318599-318608/tic_tac_toe_frontend/src/gameLogic.js", "pattern": "/^export function isDraw(board) {$/", "language": "JavaScript", "kind": "function", "signature": "(board)"}], "format": "JavaScript", "hash": "d6b57cfb1801838daf82165266e61cb6", "format-version": 4, "code-base-name": "tic_tac_toe_frontend", "filename": "tic_tac_toe_frontend/src/gameLogic.js", "knowledge_revision": 30}