{"is_source_file": true, "format": "JavaScript", "description": "This file provides utility functions for theme management in a web application, specifically for a Tic Tac Toe app. It handles retrieving, applying, storing, and resolving themes based on system preferences or stored user choices. It uses CSS variables and a root HTML attribute for theming.", "external_files": [], "external_methods": ["window.matchMedia", "window.localStorage.getItem", "window.localStorage.setItem", "window.localStorage.removeItem"], "published": ["getSystemTheme", "getStoredTheme", "applyTheme", "storeTheme", "resolveInitialTheme", "clearStoredTheme"], "classes": [], "methods": [{"name": "getSystemTheme()", "description": "Determines the system-preferred theme ('light' or 'dark') using the 'prefers-color-scheme' media query.", "scope": "", "scopeKind": ""}, {"name": "getStoredTheme()", "description": "Retrieves the stored theme preference from localStorage, returns null if none or invalid.", "scope": "", "scopeKind": ""}, {"name": "applyTheme(theme)", "description": "Applies the specified theme to the document root by setting a data attribute and CSS style for color scheme.", "scope": "", "scopeKind": ""}, {"name": "storeTheme(theme)", "description": "Stores the selected theme in localStorage for persistence.", "scope": "", "scopeKind": ""}, {"name": "resolveInitialTheme()", "description": "Resolves the initial theme preference, prioritizing stored user choice over system preference.", "scope": "", "scopeKind": ""}, {"name": "clearStoredTheme()", "description": "Removes any stored theme preference, reverting to system preference for future initial theme.", "scope": "", "scopeKind": ""}], "calls": ["window.matchMedia('(prefers-color-scheme: dark)').matches", "window.localStorage.getItem(STORAGE_KEY)", "window.localStorage.setItem(STORAGE_KEY, theme)", "window.localStorage.removeItem(STORAGE_KEY)"], "search-terms": ["theme utilities", "localStorage theme", "CSS variables", "prefers-color-scheme", "applyTheme", "resolveInitialTheme"], "state": 2, "file_id": 15, "knowledge_revision": 53, "git_revision": "5bf982de8ef7502afdbba79ce034cbf073c32576", "ctags": [{"_type": "tag", "name": "STORAGE_KEY", "path": "/home/kavia/workspace/code-generation/simple-web-tic-tac-toe-318599-318608/tic_tac_toe_frontend/src/theme.js", "pattern": "/^const STORAGE_KEY = 'ttt-theme';$/", "language": "JavaScript", "kind": "constant"}, {"_type": "tag", "name": "applyTheme", "path": "/home/kavia/workspace/code-generation/simple-web-tic-tac-toe-318599-318608/tic_tac_toe_frontend/src/theme.js", "pattern": "/^export function applyTheme(theme) {$/", "language": "JavaScript", "kind": "function", "signature": "(theme)"}, {"_type": "tag", "name": "clearStoredTheme", "path": "/home/kavia/workspace/code-generation/simple-web-tic-tac-toe-318599-318608/tic_tac_toe_frontend/src/theme.js", "pattern": "/^export function clearStoredTheme() {$/", "language": "JavaScript", "kind": "function", "signature": "()"}, {"_type": "tag", "name": "getStoredTheme", "path": "/home/kavia/workspace/code-generation/simple-web-tic-tac-toe-318599-318608/tic_tac_toe_frontend/src/theme.js", "pattern": "/^export function getStoredTheme() {$/", "language": "JavaScript", "kind": "function", "signature": "()"}, {"_type": "tag", "name": "getSystemTheme", "path": "/home/kavia/workspace/code-generation/simple-web-tic-tac-toe-318599-318608/tic_tac_toe_frontend/src/theme.js", "pattern": "/^export function getSystemTheme() {$/", "language": "JavaScript", "kind": "function", "signature": "()"}, {"_type": "tag", "name": "resolveInitialTheme", "path": "/home/kavia/workspace/code-generation/simple-web-tic-tac-toe-318599-318608/tic_tac_toe_frontend/src/theme.js", "pattern": "/^export function resolveInitialTheme() {$/", "language": "JavaScript", "kind": "function", "signature": "()"}, {"_type": "tag", "name": "storeTheme", "path": "/home/kavia/workspace/code-generation/simple-web-tic-tac-toe-318599-318608/tic_tac_toe_frontend/src/theme.js", "pattern": "/^export function storeTheme(theme) {$/", "language": "JavaScript", "kind": "function", "signature": "(theme)"}], "hash": "a71efac2db03ec5b2ae2ca39e8b92254", "format-version": 4, "code-base-name": "tic_tac_toe_frontend", "filename": "tic_tac_toe_frontend/src/theme.js", "revision_history": [{"53": "5bf982de8ef7502afdbba79ce034cbf073c32576"}]}