{"is_source_file": false, "format": "", "description": "", "external_files": [], "external_methods": [], "published": [], "classes": [], "methods": [], "calls": [], "search-terms": [], "state": 2, "file_id": 6, "knowledge_revision": 50, "git_revision": "e61d788df5e88317234395cce8ea3ff0dc1e9509", "hash": "aeeebc3fb971cc5f94b5d124950892dc", "format-version": 4, "code-base-name": "tic_tac_toe_frontend", "filename": "tic_tac_toe_frontend/src/App.css", "revision_history": [{"50": "e61d788df5e88317234395cce8ea3ff0dc1e9509"}]}