{"is_source_file": true, "format": "JavaScript (React JSX)", "description": "This file defines the main application component for a Tic Tac Toe web game, implementing UI components, game state management, and AI move handling.", "external_files": ["./gameLogic", "./ai", "./App.css"], "external_methods": ["createEmptyBoard", "getWinner", "isDraw", "pickComputerMove"], "published": ["App"], "classes": [], "methods": [{"name": "Square({ value, index, onClick, disabled, variantClassName })", "description": "Stateless component representing each individual square on the game board, handling display and click events.", "scope": "", "scopeKind": ""}, {"name": "Board({ squares, onSquareClick, disabled, winnerLine })", "description": "Component rendering the 3x3 grid of squares, highlighting winning lines and managing layout.", "scope": "", "scopeKind": ""}, {"name": "StartScreen({ onSelectMode })", "description": "Component presenting initial game mode selection options.", "scope": "", "scopeKind": ""}, {"name": "App()", "description": "Main application component managing game state, user interactions, AI moves, and UI rendering.", "scope": "", "scopeKind": ""}], "calls": ["createEmptyBoard", "getWinner", "isDraw", "pickComputerMove"], "search-terms": ["React", "tic_tac_toe", "gameLogic", "ai", "startGame", "handleSquareClick", "useEffect", "useMemo", "useRef", "game state", "AI move handling"], "state": 2, "file_id": 3, "knowledge_revision": 47, "git_revision": "dbcd48d74cf3095e2d053d14b9509486711b6f03", "revision_history": [{"23": "25e97ec5f22675d1443b6bab04f39a33fbad7fc9"}, {"26": "25e97ec5f22675d1443b6bab04f39a33fbad7fc9"}, {"31": "a57cb35c5f41cd6104fcaf424cdf4627e58904bc"}, {"33": "a57cb35c5f41cd6104fcaf424cdf4627e58904bc"}, {"36": "748980cc9f669f8acb7f06573ca374b2007d0a5e"}, {"40": "193766ce68e6af4c96c1d350ef94527f64e41a81"}, {"44": "e61d788df5e88317234395cce8ea3ff0dc1e9509"}, {"47": "dbcd48d74cf3095e2d053d14b9509486711b6f03"}], "ctags": [{"_type": "tag", "name": "App", "path": "/home/kavia/workspace/code-generation/simple-web-tic-tac-toe-318599-318608/tic_tac_toe_frontend/src/App.js", "pattern": "/^function App() {$/", "language": "JavaScript", "kind": "function", "signature": "()"}, {"_type": "tag", "name": "Board", "path": "/home/kavia/workspace/code-generation/simple-web-tic-tac-toe-318599-318608/tic_tac_toe_frontend/src/App.js", "pattern": "/^function Board({ squares, onSquareClick, disabled, winnerLine }) {$/", "language": "JavaScript", "kind": "function", "signature": "({ squares, onSquareClick, disabled, winnerLine })"}, {"_type": "tag", "name": "Row ${row} Column ${col}: ${valueLabel}", "path": "/home/kavia/workspace/code-generation/simple-web-tic-tac-toe-318599-318608/tic_tac_toe_frontend/src/App.js", "pattern": "/^      aria-label={`Row ${row} Column ${col}: ${valueLabel}`}$/", "language": "JavaScript", "kind": "field", "scope": "Square.aria", "scopeKind": "class"}, {"_type": "tag", "name": "Square", "path": "/home/kavia/workspace/code-generation/simple-web-tic-tac-toe-318599-318608/tic_tac_toe_frontend/src/App.js", "pattern": "/^function Square({ value, index, onClick, disabled, variantClassName }) {$/", "language": "JavaScript", "kind": "function", "signature": "({ value, index, onClick, disabled, variantClassName })"}, {"_type": "tag", "name": "StartScreen", "path": "/home/kavia/workspace/code-generation/simple-web-tic-tac-toe-318599-318608/tic_tac_toe_frontend/src/App.js", "pattern": "/^function StartScreen({ onSelectMode }) {$/", "language": "JavaScript", "kind": "function", "signature": "({ onSelectMode })"}, {"_type": "tag", "name": "board", "path": "/home/kavia/workspace/code-generation/simple-web-tic-tac-toe-318599-318608/tic_tac_toe_frontend/src/App.js", "pattern": "/^              squares={board}$/", "language": "JavaScript", "kind": "field", "scope": "App.squares", "scopeKind": "class"}, {"_type": "tag", "name": "disabled", "path": "/home/kavia/workspace/code-generation/simple-web-tic-tac-toe-318599-318608/tic_tac_toe_frontend/src/App.js", "pattern": "/^      disabled={disabled}$/", "language": "JavaScript", "kind": "field", "scope": "Square.disabled", "scopeKind": "class"}, {"_type": "tag", "name": "gameEnded", "path": "/home/kavia/workspace/code-generation/simple-web-tic-tac-toe-318599-318608/tic_tac_toe_frontend/src/App.js", "pattern": "/^              aria-label={gameEnded ? 'Restart game (recommended)' : 'Restart game'}$/", "language": "JavaScript", "kind": "field", "scope": "App.aria", "scopeKind": "class"}, {"_type": "tag", "name": "handleBackToStart", "path": "/home/kavia/workspace/code-generation/simple-web-tic-tac-toe-318599-318608/tic_tac_toe_frontend/src/App.js", "pattern": "/^                onClick={handleBackToStart}$/", "language": "JavaScript", "kind": "field", "scope": "App.onClick", "scopeKind": "class"}, {"_type": "tag", "name": "handleRestart", "path": "/home/kavia/workspace/code-generation/simple-web-tic-tac-toe-318599-318608/tic_tac_toe_frontend/src/App.js", "pattern": "/^              onClick={handleRestart}$/", "language": "JavaScript", "kind": "field", "scope": "App.onClick", "scopeKind": "class"}, {"_type": "tag", "name": "handleSquareClick", "path": "/home/kavia/workspace/code-generation/simple-web-tic-tac-toe-318599-318608/tic_tac_toe_frontend/src/App.js", "pattern": "/^              onSquareClick={handleSquareClick}$/", "language": "JavaScript", "kind": "field", "scope": "App.onSquareClick", "scopeKind": "class"}, {"_type": "tag", "name": "inputDisabled", "path": "/home/kavia/workspace/code-generation/simple-web-tic-tac-toe-318599-318608/tic_tac_toe_frontend/src/App.js", "pattern": "/^              disabled={inputDisabled}$/", "language": "JavaScript", "kind": "field", "scope": "App.disabled", "scopeKind": "class"}, {"_type": "tag", "name": "onClick", "path": "/home/kavia/workspace/code-generation/simple-web-tic-tac-toe-318599-318608/tic_tac_toe_frontend/src/App.js", "pattern": "/^      onClick={onClick}$/", "language": "JavaScript", "kind": "field", "scope": "Square.onClick", "scopeKind": "class"}, {"_type": "tag", "name": "restartBtnRef", "path": "/home/kavia/workspace/code-generation/simple-web-tic-tac-toe-318599-318608/tic_tac_toe_frontend/src/App.js", "pattern": "/^              ref={restartBtnRef}$/", "language": "JavaScript", "kind": "field", "scope": "App.ref", "scopeKind": "class"}, {"_type": "tag", "name": "ttt-restartBtn ${restartEmphasisClass}", "path": "/home/kavia/workspace/code-generation/simple-web-tic-tac-toe-318599-318608/tic_tac_toe_frontend/src/App.js", "pattern": "/^              className={`ttt-restartBtn ${restartEmphasisClass}`.trim()}$/", "language": "JavaScript", "kind": "field", "scope": "App.className", "scopeKind": "class"}, {"_type": "tag", "name": "ttt-square ${variantClassName || ''}", "path": "/home/kavia/workspace/code-generation/simple-web-tic-tac-toe-318599-318608/tic_tac_toe_frontend/src/App.js", "pattern": "/^      className={`ttt-square ${variantClassName || ''}`.trim()}$/", "language": "JavaScript", "kind": "field", "scope": "Square.className", "scopeKind": "class"}, {"_type": "tag", "name": "winnerInfo", "path": "/home/kavia/workspace/code-generation/simple-web-tic-tac-toe-318599-318608/tic_tac_toe_frontend/src/App.js", "pattern": "/^              winnerLine={winnerInfo?.line || null}$/", "language": "JavaScript", "kind": "field", "scope": "App.winnerLine", "scopeKind": "class"}], "hash": "c19b8c11bfed0685abd83ee916044dd3", "format-version": 4, "code-base-name": "tic_tac_toe_frontend", "filename": "tic_tac_toe_frontend/src/App.js", "fields": [{"name": "aria-label={`Row ${row} Column ${col}: ${valueLabel}`}", "scope": "Square.aria", "scopeKind": "class", "description": "unavailable"}, {"name": "squares={board}", "scope": "App.squares", "scopeKind": "class", "description": "unavailable"}, {"name": "disabled={disabled}", "scope": "Square.disabled", "scopeKind": "class", "description": "unavailable"}, {"name": "aria-label={gameEnded ? 'Restart game (recommended)' : 'Restart game'}", "scope": "App.aria", "scopeKind": "class", "description": "unavailable"}, {"name": "onClick={handleBackToStart}", "scope": "App.onClick", "scopeKind": "class", "description": "unavailable"}, {"name": "onClick={handleRestart}", "scope": "App.onClick", "scopeKind": "class", "description": "unavailable"}, {"name": "onSquareClick={handleSquareClick}", "scope": "App.onSquareClick", "scopeKind": "class", "description": "unavailable"}, {"name": "disabled={inputDisabled}", "scope": "App.disabled", "scopeKind": "class", "description": "unavailable"}, {"name": "onClick={onClick}", "scope": "Square.onClick", "scopeKind": "class", "description": "unavailable"}, {"name": "ref={restartBtnRef}", "scope": "App.ref", "scopeKind": "class", "description": "unavailable"}, {"name": "className={`ttt-restartBtn ${restartEmphasisClass}`.trim()}", "scope": "App.className", "scopeKind": "class", "description": "unavailable"}, {"name": "className={`ttt-square ${variantClassName || ''}`.trim()}", "scope": "Square.className", "scopeKind": "class", "description": "unavailable"}, {"name": "winnerLine={winnerInfo?.line || null}", "scope": "App.winnerLine", "scopeKind": "class", "description": "unavailable"}]}