{"is_source_file": true, "format": "JavaScript (React JSX)", "description": "This file contains a React functional component called App that renders a simple UI for a Tic Tac Toe game. It includes subcomponents for the game board and squares, with placeholders for game logic and state management, focused on UI layout and accessibility.", "external_files": ["./App.css"], "external_methods": [], "published": ["App"], "classes": [], "methods": [{"name": "Square({ value, index, onClick, disabled })", "description": "Stateless functional component representing a single cell in the Tic Tac Toe board.", "scope": "", "scopeKind": ""}, {"name": "Board({ squares, onSquareClick, disabled })", "description": "Component rendering the 3x3 grid of squares, receiving square states and click handler via props.", "scope": "", "scopeKind": ""}, {"name": "App()", "description": "Main React component serving as the UI skeleton for the Tic Tac Toe game, with placeholders for game state and interaction handlers.", "scope": "", "scopeKind": ""}, {"name": "handleSquareClick", "description": "Placeholder function for handling square clicks, to be implemented with game logic later."}, {"name": "handleRestart", "description": "Placeholder function for restarting the game, to be implemented with reset logic later."}], "calls": ["React", "Array.from", "squares.map", "onSquareClick?.(idx)", "handleSquareClick", "handleRestart"], "search-terms": ["React functional components", "Tic Tac Toe", "App.js", "UI layout", "accessibility", "placeholder functions"], "state": 2, "file_id": 3, "knowledge_revision": 26, "git_revision": "25e97ec5f22675d1443b6bab04f39a33fbad7fc9", "revision_history": [{"23": "25e97ec5f22675d1443b6bab04f39a33fbad7fc9"}, {"26": "25e97ec5f22675d1443b6bab04f39a33fbad7fc9"}], "ctags": [{"_type": "tag", "name": "App", "path": "/home/kavia/workspace/code-generation/simple-web-tic-tac-toe-318599-318608/tic_tac_toe_frontend/src/App.js", "pattern": "/^function App() {$/", "language": "JavaScript", "kind": "function", "signature": "()"}, {"_type": "tag", "name": "Board", "path": "/home/kavia/workspace/code-generation/simple-web-tic-tac-toe-318599-318608/tic_tac_toe_frontend/src/App.js", "pattern": "/^function Board({ squares, onSquareClick, disabled }) {$/", "language": "JavaScript", "kind": "function", "signature": "({ squares, onSquareClick, disabled })"}, {"_type": "tag", "name": "Square ${index + 1}${value ? `: ${value}` : ': empty'}", "path": "/home/kavia/workspace/code-generation/simple-web-tic-tac-toe-318599-318608/tic_tac_toe_frontend/src/App.js", "pattern": "/^      aria-label={`Square ${index + 1}${value ? `: ${value}` : ': empty'}`}$/", "language": "JavaScript", "kind": "field", "scope": "Square.aria", "scopeKind": "class"}, {"_type": "tag", "name": "Square", "path": "/home/kavia/workspace/code-generation/simple-web-tic-tac-toe-318599-318608/tic_tac_toe_frontend/src/App.js", "pattern": "/^function Square({ value, index, onClick, disabled }) {$/", "language": "JavaScript", "kind": "function", "signature": "({ value, index, onClick, disabled })"}, {"_type": "tag", "name": "disabled", "path": "/home/kavia/workspace/code-generation/simple-web-tic-tac-toe-318599-318608/tic_tac_toe_frontend/src/App.js", "pattern": "/^      disabled={disabled}$/", "language": "JavaScript", "kind": "field", "scope": "Square.disabled", "scopeKind": "class"}, {"_type": "tag", "name": "onClick", "path": "/home/kavia/workspace/code-generation/simple-web-tic-tac-toe-318599-318608/tic_tac_toe_frontend/src/App.js", "pattern": "/^      onClick={onClick}$/", "language": "JavaScript", "kind": "field", "scope": "Square.onClick", "scopeKind": "class"}], "hash": "fcd4fe6ea248bf91bad11926904481c3", "format-version": 4, "code-base-name": "tic_tac_toe_frontend", "filename": "tic_tac_toe_frontend/src/App.js", "fields": [{"name": "aria-label={`Square ${index + 1}${value ? `: ${value}` : ': empty'}`}", "scope": "Square.aria", "scopeKind": "class", "description": "unavailable"}, {"name": "disabled={disabled}", "scope": "Square.disabled", "scopeKind": "class", "description": "unavailable"}, {"name": "onClick={onClick}", "scope": "Square.onClick", "scopeKind": "class", "description": "unavailable"}]}