{"is_source_file": true, "format": "JavaScript (React JSX)", "description": "Main React component for a Tic Tac Toe game, including UI components, game logic integration, theme handling, and game state management.", "external_files": ["./gameLogic", "./ai", "./theme", "./App.css"], "external_methods": ["createEmptyBoard", "getWinner", "isDraw", "pickComputerMove", "applyTheme", "resolveInitialTheme", "storeTheme"], "published": ["App"], "classes": [], "methods": [{"name": "Square({ value, index, onClick, disabled, variantClassName })", "description": "Stateless component representing an individual Tic Tac Toe square with accessibility features.", "scope": "", "scopeKind": ""}, {"name": "Board({ squares, onSquareClick, disabled, winnerLine })", "description": "Component rendering the 3x3 grid of squares, highlighting winning lines.", "scope": "", "scopeKind": ""}, {"name": "ThemeSelector({ theme, onChange })", "description": "Component for toggling between light and dark themes with accessibility support.", "scope": "", "scopeKind": ""}, {"name": "StartScreen({ onSelectMode, theme, onThemeChange })", "description": "Landing screen allowing selection of game mode and theme.", "scope": "", "scopeKind": ""}, {"name": "App()", "description": "Main application component managing game state, user interactions, and rendering the game interface.", "scope": "", "scopeKind": ""}, {"name": "startGame", "description": "Function to initialize a new game with selected mode."}, {"name": "handleSquareClick", "description": "Handles user clicks on game squares, applying move logic."}, {"name": "handleRestart", "description": "Resets the game to start a new round."}, {"name": "handleBackToStart", "description": "Returns the app to the start screen, resetting state."}, {"name": "handleThemeChange", "description": "Updates theme based on user toggle."}], "calls": ["createEmptyBoard", "getWinner", "isDraw", "pickComputerMove", "applyTheme", "resolveInitialTheme", "storeTheme"], "search-terms": ["React", "Tic Tac Toe", "game logic", "theme toggle", "computer opponent", "accessibility", "state management", "UI components", "game mode selection"], "state": 2, "file_id": 3, "knowledge_revision": 57, "git_revision": "843056b38e6966f8f47a6da002158942392d0bd1", "revision_history": [{"23": "25e97ec5f22675d1443b6bab04f39a33fbad7fc9"}, {"26": "25e97ec5f22675d1443b6bab04f39a33fbad7fc9"}, {"31": "a57cb35c5f41cd6104fcaf424cdf4627e58904bc"}, {"33": "a57cb35c5f41cd6104fcaf424cdf4627e58904bc"}, {"36": "748980cc9f669f8acb7f06573ca374b2007d0a5e"}, {"40": "193766ce68e6af4c96c1d350ef94527f64e41a81"}, {"44": "e61d788df5e88317234395cce8ea3ff0dc1e9509"}, {"47": "dbcd48d74cf3095e2d053d14b9509486711b6f03"}, {"49": "286e3508e18600f4277e405d11f0188149499e38"}, {"54": "5bf982de8ef7502afdbba79ce034cbf073c32576"}, {"57": "843056b38e6966f8f47a6da002158942392d0bd1"}], "ctags": [{"_type": "tag", "name": "App", "path": "/home/kavia/workspace/code-generation/simple-web-tic-tac-toe-318599-318608/tic_tac_toe_frontend/src/App.js", "pattern": "/^function App() {$/", "language": "JavaScript", "kind": "function", "signature": "()"}, {"_type": "tag", "name": "Board", "path": "/home/kavia/workspace/code-generation/simple-web-tic-tac-toe-318599-318608/tic_tac_toe_frontend/src/App.js", "pattern": "/^function Board({ squares, onSquareClick, disabled, winnerLine }) {$/", "language": "JavaScript", "kind": "function", "signature": "({ squares, onSquareClick, disabled, winnerLine })"}, {"_type": "tag", "name": "Row ${row} Column ${col}: ${valueLabel}", "path": "/home/kavia/workspace/code-generation/simple-web-tic-tac-toe-318599-318608/tic_tac_toe_frontend/src/App.js", "pattern": "/^      aria-label={`Row ${row} Column ${col}: ${valueLabel}`}$/", "language": "JavaScript", "kind": "field", "scope": "Square.aria", "scopeKind": "class"}, {"_type": "tag", "name": "Square", "path": "/home/kavia/workspace/code-generation/simple-web-tic-tac-toe-318599-318608/tic_tac_toe_frontend/src/App.js", "pattern": "/^function Square({ value, index, onClick, disabled, variantClassName }) {$/", "language": "JavaScript", "kind": "function", "signature": "({ value, index, onClick, disabled, variantClassName })"}, {"_type": "tag", "name": "StartScreen", "path": "/home/kavia/workspace/code-generation/simple-web-tic-tac-toe-318599-318608/tic_tac_toe_frontend/src/App.js", "pattern": "/^function StartScreen({ onSelectMode, theme, onThemeChange }) {$/", "language": "JavaScript", "kind": "function", "signature": "({ onSelectMode, theme, onThemeChange })"}, {"_type": "tag", "name": "ThemeSelector", "path": "/home/kavia/workspace/code-generation/simple-web-tic-tac-toe-318599-318608/tic_tac_toe_frontend/src/App.js", "pattern": "/^function ThemeSelector({ theme, onChange }) {$/", "language": "JavaScript", "kind": "function", "signature": "({ theme, onChange })"}, {"_type": "tag", "name": "board", "path": "/home/kavia/workspace/code-generation/simple-web-tic-tac-toe-318599-318608/tic_tac_toe_frontend/src/App.js", "pattern": "/^              squares={board}$/", "language": "JavaScript", "kind": "field", "scope": "App.squares", "scopeKind": "class"}, {"_type": "tag", "name": "disabled", "path": "/home/kavia/workspace/code-generation/simple-web-tic-tac-toe-318599-318608/tic_tac_toe_frontend/src/App.js", "pattern": "/^      disabled={disabled}$/", "language": "JavaScript", "kind": "field", "scope": "Square.disabled", "scopeKind": "class"}, {"_type": "tag", "name": "gameEnded", "path": "/home/kavia/workspace/code-generation/simple-web-tic-tac-toe-318599-318608/tic_tac_toe_frontend/src/App.js", "pattern": "/^              aria-label={gameEnded ? 'Restart game (recommended)' : 'Restart game'}$/", "language": "JavaScript", "kind": "field", "scope": "App.aria", "scopeKind": "class"}, {"_type": "tag", "name": "handleBackToStart", "path": "/home/kavia/workspace/code-generation/simple-web-tic-tac-toe-318599-318608/tic_tac_toe_frontend/src/App.js", "pattern": "/^                  onClick={handleBackToStart}$/", "language": "JavaScript", "kind": "field", "scope": "App.onClick", "scopeKind": "class"}, {"_type": "tag", "name": "handleKeyDown", "path": "/home/kavia/workspace/code-generation/simple-web-tic-tac-toe-318599-318608/tic_tac_toe_frontend/src/App.js", "pattern": "/^      onKeyDown={handleKeyDown}$/", "language": "JavaScript", "kind": "field", "scope": "ThemeSelector.onKeyDown", "scopeKind": "class"}, {"_type": "tag", "name": "handleRestart", "path": "/home/kavia/workspace/code-generation/simple-web-tic-tac-toe-318599-318608/tic_tac_toe_frontend/src/App.js", "pattern": "/^              onClick={handleRestart}$/", "language": "JavaScript", "kind": "field", "scope": "App.onClick", "scopeKind": "class"}, {"_type": "tag", "name": "handleSquareClick", "path": "/home/kavia/workspace/code-generation/simple-web-tic-tac-toe-318599-318608/tic_tac_toe_frontend/src/App.js", "pattern": "/^              onSquareClick={handleSquareClick}$/", "language": "JavaScript", "kind": "field", "scope": "App.onSquareClick", "scopeKind": "class"}, {"_type": "tag", "name": "inputDisabled", "path": "/home/kavia/workspace/code-generation/simple-web-tic-tac-toe-318599-318608/tic_tac_toe_frontend/src/App.js", "pattern": "/^              disabled={inputDisabled}$/", "language": "JavaScript", "kind": "field", "scope": "App.disabled", "scopeKind": "class"}, {"_type": "tag", "name": "isDark", "path": "/home/kavia/workspace/code-generation/simple-web-tic-tac-toe-318599-318608/tic_tac_toe_frontend/src/App.js", "pattern": "/^      aria-checked={isDark}$/", "language": "JavaScript", "kind": "field", "scope": "ThemeSelector.aria", "scopeKind": "class"}, {"_type": "tag", "name": "onClick", "path": "/home/kavia/workspace/code-generation/simple-web-tic-tac-toe-318599-318608/tic_tac_toe_frontend/src/App.js", "pattern": "/^      onClick={onClick}$/", "language": "JavaScript", "kind": "field", "scope": "Square.onClick", "scopeKind": "class"}, {"_type": "tag", "name": "restartBtnRef", "path": "/home/kavia/workspace/code-generation/simple-web-tic-tac-toe-318599-318608/tic_tac_toe_frontend/src/App.js", "pattern": "/^              ref={restartBtnRef}$/", "language": "JavaScript", "kind": "field", "scope": "App.ref", "scopeKind": "class"}, {"_type": "tag", "name": "toggle", "path": "/home/kavia/workspace/code-generation/simple-web-tic-tac-toe-318599-318608/tic_tac_toe_frontend/src/App.js", "pattern": "/^      onClick={toggle}$/", "language": "JavaScript", "kind": "field", "scope": "ThemeSelector.onClick", "scopeKind": "class"}, {"_type": "tag", "name": "ttt-restartBtn ${restartEmphasisClass}", "path": "/home/kavia/workspace/code-generation/simple-web-tic-tac-toe-318599-318608/tic_tac_toe_frontend/src/App.js", "pattern": "/^              className={`ttt-restartBtn ${restartEmphasisClass}`.trim()}$/", "language": "JavaScript", "kind": "field", "scope": "App.className", "scopeKind": "class"}, {"_type": "tag", "name": "ttt-square ${variantClassName || ''}", "path": "/home/kavia/workspace/code-generation/simple-web-tic-tac-toe-318599-318608/tic_tac_toe_frontend/src/App.js", "pattern": "/^      className={`ttt-square ${variantClassName || ''}`.trim()}$/", "language": "JavaScript", "kind": "field", "scope": "Square.className", "scopeKind": "class"}, {"_type": "tag", "name": "ttt-themeToggle ${isDark ? 'is-dark' : 'is-light'}", "path": "/home/kavia/workspace/code-generation/simple-web-tic-tac-toe-318599-318608/tic_tac_toe_frontend/src/App.js", "pattern": "/^      className={`ttt-themeToggle ${isDark ? 'is-dark' : 'is-light'}`.trim()}$/", "language": "JavaScript", "kind": "field", "scope": "ThemeSelector.className", "scopeKind": "class"}, {"_type": "tag", "name": "winnerInfo", "path": "/home/kavia/workspace/code-generation/simple-web-tic-tac-toe-318599-318608/tic_tac_toe_frontend/src/App.js", "pattern": "/^              winnerLine={winnerInfo?.line || null}$/", "language": "JavaScript", "kind": "field", "scope": "App.winnerLine", "scopeKind": "class"}], "hash": "ef33b6ee341903af5c7368ff405645cb", "format-version": 4, "code-base-name": "tic_tac_toe_frontend", "filename": "tic_tac_toe_frontend/src/App.js", "fields": [{"name": "aria-label={`Row ${row} Column ${col}: ${valueLabel}`}", "scope": "Square.aria", "scopeKind": "class", "description": "unavailable"}, {"name": "squares={board}", "scope": "App.squares", "scopeKind": "class", "description": "unavailable"}, {"name": "disabled={disabled}", "scope": "Square.disabled", "scopeKind": "class", "description": "unavailable"}, {"name": "aria-label={gameEnded ? 'Restart game (recommended)' : 'Restart game'}", "scope": "App.aria", "scopeKind": "class", "description": "unavailable"}, {"name": "onClick={handleBackToStart}", "scope": "App.onClick", "scopeKind": "class", "description": "unavailable"}, {"name": "onKeyDown={handleKeyDown}", "scope": "ThemeSelector.onKeyDown", "scopeKind": "class", "description": "unavailable"}, {"name": "onClick={handleRestart}", "scope": "App.onClick", "scopeKind": "class", "description": "unavailable"}, {"name": "onSquareClick={handleSquareClick}", "scope": "App.onSquareClick", "scopeKind": "class", "description": "unavailable"}, {"name": "disabled={inputDisabled}", "scope": "App.disabled", "scopeKind": "class", "description": "unavailable"}, {"name": "aria-checked={isDark}", "scope": "ThemeSelector.aria", "scopeKind": "class", "description": "unavailable"}, {"name": "onClick={onClick}", "scope": "Square.onClick", "scopeKind": "class", "description": "unavailable"}, {"name": "ref={restartBtnRef}", "scope": "App.ref", "scopeKind": "class", "description": "unavailable"}, {"name": "onClick={toggle}", "scope": "ThemeSelector.onClick", "scopeKind": "class", "description": "unavailable"}, {"name": "className={`ttt-restartBtn ${restartEmphasisClass}`.trim()}", "scope": "App.className", "scopeKind": "class", "description": "unavailable"}, {"name": "className={`ttt-square ${variantClassName || ''}`.trim()}", "scope": "Square.className", "scopeKind": "class", "description": "unavailable"}, {"name": "className={`ttt-themeToggle ${isDark ? 'is-dark' : 'is-light'}`.trim()}", "scope": "ThemeSelector.className", "scopeKind": "class", "description": "unavailable"}, {"name": "winnerLine={winnerInfo?.line || null}", "scope": "App.winnerLine", "scopeKind": "class", "description": "unavailable"}]}