{"is_source_file": false, "format": "", "description": "", "external_files": [], "external_methods": [], "published": [], "classes": [], "methods": [], "calls": [], "search-terms": [], "state": 2, "file_id": 6, "knowledge_revision": 27, "git_revision": "25e97ec5f22675d1443b6bab04f39a33fbad7fc9", "hash": "6db6fd505dca40e3fc5ddf634e7bdb6f", "format-version": 4, "code-base-name": "tic_tac_toe_frontend", "filename": "tic_tac_toe_frontend/src/App.css", "revision_history": [{"27": "25e97ec5f22675d1443b6bab04f39a33fbad7fc9"}]}