{"is_source_file": true, "format": "JavaScript", "description": "This file contains pure, stateless helper functions for implementing Tic Tac Toe game logic, including determining a winner, detecting a draw, and creating an empty game board.", "external_files": [], "external_methods": [], "published": ["getWinner", "isDraw", "createEmptyBoard"], "classes": [], "methods": [{"name": "getWinner(board)", "description": "Determines if there is a winner on the current board, returning winner info or null.", "scope": "", "scopeKind": ""}, {"name": "isDraw(board)", "description": "Checks if the game is a draw, i.e., the board is full and there is no winner.", "scope": "", "scopeKind": ""}, {"name": "createEmptyBoard()", "description": "Creates and returns a new empty game board represented as an array of 9 empty strings.", "scope": "", "scopeKind": ""}], "calls": ["getWinner", "createEmptyBoard"], "search-terms": ["tic tac toe", "game logic", "winner detection", "draw detection", "game state", "pure functions"], "state": 2, "file_id": 13, "knowledge_revision": 32, "git_revision": "a57cb35c5f41cd6104fcaf424cdf4627e58904bc", "ctags": [{"_type": "tag", "name": "WIN_LINES", "path": "/home/kavia/workspace/code-generation/simple-web-tic-tac-toe-318599-318608/tic_tac_toe_frontend/src/gameLogic.js", "pattern": "/^const WIN_LINES = [$/", "language": "JavaScript", "kind": "constant"}, {"_type": "tag", "name": "createEmptyBoard", "path": "/home/kavia/workspace/code-generation/simple-web-tic-tac-toe-318599-318608/tic_tac_toe_frontend/src/gameLogic.js", "pattern": "/^export function createEmptyBoard() {$/", "language": "JavaScript", "kind": "function", "signature": "()"}, {"_type": "tag", "name": "getWinner", "path": "/home/kavia/workspace/code-generation/simple-web-tic-tac-toe-318599-318608/tic_tac_toe_frontend/src/gameLogic.js", "pattern": "/^export function getWinner(board) {$/", "language": "JavaScript", "kind": "function", "signature": "(board)"}, {"_type": "tag", "name": "isDraw", "path": "/home/kavia/workspace/code-generation/simple-web-tic-tac-toe-318599-318608/tic_tac_toe_frontend/src/gameLogic.js", "pattern": "/^export function isDraw(board) {$/", "language": "JavaScript", "kind": "function", "signature": "(board)"}], "hash": "d6b57cfb1801838daf82165266e61cb6", "format-version": 4, "code-base-name": "tic_tac_toe_frontend", "filename": "tic_tac_toe_frontend/src/gameLogic.js", "revision_history": [{"32": "a57cb35c5f41cd6104fcaf424cdf4627e58904bc"}]}