{"is_source_file": true, "format": "JavaScript", "description": "This file is the entry point for a React web application, responsible for rendering the root React component into the DOM.", "external_files": ["react", "react-dom/client", "./index.css", "./App"], "external_methods": ["ReactDOM.createRoot", "root.render"], "published": ["React", "ReactDOM", "root"], "classes": [], "methods": [{"name": "ReactDOM.createRoot", "description": "Creates a React root for rendering the React component into the DOM."}, {"name": "root.render", "description": "Renders the React component tree into the specified DOM node."}], "calls": ["ReactDOM.createRoot", "root.render"], "search-terms": ["React", "ReactDOM", "index.js", "root.render", "frontend"], "state": 2, "file_id": 2, "knowledge_revision": 24, "git_revision": "25e97ec5f22675d1443b6bab04f39a33fbad7fc9", "ctags": [{"_type": "tag", "name": "root", "path": "/home/kavia/workspace/code-generation/simple-web-tic-tac-toe-318599-318608/tic_tac_toe_frontend/src/index.js", "pattern": "/^const root = ReactDOM.createRoot(document.getElementById('root'));$/", "language": "JavaScript", "kind": "constant"}], "hash": "9fc5841375336fc175b49f8767a11383", "format-version": 4, "code-base-name": "tic_tac_toe_frontend", "filename": "tic_tac_toe_frontend/src/index.js", "revision_history": [{"24": "25e97ec5f22675d1443b6bab04f39a33fbad7fc9"}]}