{"is_source_file": true, "file_id": 14, "git_revision": "", "state": 1, "description": "", "external_files": [], "external_methods": [], "published": [], "classes": [], "methods": [], "calls": [], "search-terms": [], "ctags": [{"_type": "tag", "name": "WIN_LINES", "path": "/home/kavia/workspace/code-generation/simple-web-tic-tac-toe-318599-318608/tic_tac_toe_frontend/src/ai.js", "pattern": "/^const WIN_LINES = [$/", "language": "JavaScript", "kind": "constant"}, {"_type": "tag", "name": "findWinningMove", "path": "/home/kavia/workspace/code-generation/simple-web-tic-tac-toe-318599-318608/tic_tac_toe_frontend/src/ai.js", "pattern": "/^function findWinningMove(board, player) {$/", "language": "JavaScript", "kind": "function", "signature": "(board, player)"}, {"_type": "tag", "name": "pickComputerMove", "path": "/home/kavia/workspace/code-generation/simple-web-tic-tac-toe-318599-318608/tic_tac_toe_frontend/src/ai.js", "pattern": "/^export function pickComputerMove(board, comSymbol) {$/", "language": "JavaScript", "kind": "function", "signature": "(board, comSymbol)"}], "format": "JavaScript", "hash": "39cdc9f34a885e1b938a7953a3b51849", "format-version": 4, "code-base-name": "tic_tac_toe_frontend", "filename": "tic_tac_toe_frontend/src/ai.js", "knowledge_revision": 39}