{"is_source_file": false, "format": "", "description": "", "external_files": [], "external_methods": [], "published": [], "classes": [], "methods": [], "calls": [], "search-terms": [], "state": 2, "file_id": 6, "knowledge_revision": 59, "git_revision": "18936c468a12f7b1af76929243b03fc3bba80bcc", "hash": "5f5967060c39c8cddf19f3f0629e7a31", "format-version": 4, "code-base-name": "tic_tac_toe_frontend", "filename": "tic_tac_toe_frontend/src/App.css", "revision_history": [{"59": "18936c468a12f7b1af76929243b03fc3bba80bcc"}]}