{"is_source_file": false, "format": "", "description": "", "external_files": [], "external_methods": [], "published": [], "classes": [], "methods": [], "calls": [], "search-terms": [], "state": 2, "file_id": 5, "knowledge_revision": 28, "git_revision": "25e97ec5f22675d1443b6bab04f39a33fbad7fc9", "hash": "d75073f01dcb38f3e650d80e27c3a82a", "format-version": 4, "code-base-name": "tic_tac_toe_frontend", "filename": "tic_tac_toe_frontend/src/index.css", "revision_history": [{"28": "25e97ec5f22675d1443b6bab04f39a33fbad7fc9"}]}