{"is_source_file": true, "file_id": 15, "git_revision": "", "state": 1, "description": "", "external_files": [], "external_methods": [], "published": [], "classes": [], "methods": [], "calls": [], "search-terms": [], "ctags": [{"_type": "tag", "name": "STORAGE_KEY", "path": "/home/kavia/workspace/code-generation/simple-web-tic-tac-toe-318599-318608/tic_tac_toe_frontend/src/theme.js", "pattern": "/^const STORAGE_KEY = 'ttt-theme';$/", "language": "JavaScript", "kind": "constant"}, {"_type": "tag", "name": "applyTheme", "path": "/home/kavia/workspace/code-generation/simple-web-tic-tac-toe-318599-318608/tic_tac_toe_frontend/src/theme.js", "pattern": "/^export function applyTheme(theme) {$/", "language": "JavaScript", "kind": "function", "signature": "(theme)"}, {"_type": "tag", "name": "clearStoredTheme", "path": "/home/kavia/workspace/code-generation/simple-web-tic-tac-toe-318599-318608/tic_tac_toe_frontend/src/theme.js", "pattern": "/^export function clearStoredTheme() {$/", "language": "JavaScript", "kind": "function", "signature": "()"}, {"_type": "tag", "name": "getStoredTheme", "path": "/home/kavia/workspace/code-generation/simple-web-tic-tac-toe-318599-318608/tic_tac_toe_frontend/src/theme.js", "pattern": "/^export function getStoredTheme() {$/", "language": "JavaScript", "kind": "function", "signature": "()"}, {"_type": "tag", "name": "getSystemTheme", "path": "/home/kavia/workspace/code-generation/simple-web-tic-tac-toe-318599-318608/tic_tac_toe_frontend/src/theme.js", "pattern": "/^export function getSystemTheme() {$/", "language": "JavaScript", "kind": "function", "signature": "()"}, {"_type": "tag", "name": "resolveInitialTheme", "path": "/home/kavia/workspace/code-generation/simple-web-tic-tac-toe-318599-318608/tic_tac_toe_frontend/src/theme.js", "pattern": "/^export function resolveInitialTheme() {$/", "language": "JavaScript", "kind": "function", "signature": "()"}, {"_type": "tag", "name": "storeTheme", "path": "/home/kavia/workspace/code-generation/simple-web-tic-tac-toe-318599-318608/tic_tac_toe_frontend/src/theme.js", "pattern": "/^export function storeTheme(theme) {$/", "language": "JavaScript", "kind": "function", "signature": "(theme)"}], "format": "JavaScript", "hash": "a71efac2db03ec5b2ae2ca39e8b92254", "format-version": 4, "code-base-name": "tic_tac_toe_frontend", "filename": "tic_tac_toe_frontend/src/theme.js", "knowledge_revision": 48}