{"is_source_file": false, "format": "", "description": "", "external_files": [], "external_methods": [], "published": [], "classes": [], "methods": [], "calls": [], "search-terms": [], "state": 2, "file_id": 6, "knowledge_revision": 55, "git_revision": "5bf982de8ef7502afdbba79ce034cbf073c32576", "hash": "14135c1747d3231a355e62a64a2e478e", "format-version": 4, "code-base-name": "tic_tac_toe_frontend", "filename": "tic_tac_toe_frontend/src/App.css", "revision_history": [{"55": "5bf982de8ef7502afdbba79ce034cbf073c32576"}]}