{"is_source_file": true, "format": "JavaScript", "description": "This file implements a deterministic AI for Tic Tac Toe, providing logic to select the computer's move based on strategy: winning, blocking opponent, taking center, or first available cell.", "external_files": [], "external_methods": [], "published": ["pickComputerMove"], "classes": [], "methods": [{"name": "findWinningMove(board, player)", "description": "Finds a move that completes a three-in-a-row for a given player ('X' or 'O') on the board.", "parameters": ["board", "player"], "scope": "", "scopeKind": ""}, {"name": "pickComputerMove(board, comSymbol)", "description": "Public interface to compute the computer's move given the current board and computer's symbol.", "parameters": ["board", "comSymbol"], "scope": "", "scopeKind": ""}], "calls": ["findWinningMove"], "search-terms": ["deterministic AI", "tic tac toe", "strategy", "win move", "block opponent", "center", "first available"], "state": 2, "file_id": 14, "knowledge_revision": 43, "git_revision": "e61d788df5e88317234395cce8ea3ff0dc1e9509", "ctags": [{"_type": "tag", "name": "WIN_LINES", "path": "/home/kavia/workspace/code-generation/simple-web-tic-tac-toe-318599-318608/tic_tac_toe_frontend/src/ai.js", "pattern": "/^const WIN_LINES = [$/", "language": "JavaScript", "kind": "constant"}, {"_type": "tag", "name": "findWinningMove", "path": "/home/kavia/workspace/code-generation/simple-web-tic-tac-toe-318599-318608/tic_tac_toe_frontend/src/ai.js", "pattern": "/^function findWinningMove(board, player) {$/", "language": "JavaScript", "kind": "function", "signature": "(board, player)"}, {"_type": "tag", "name": "pickComputerMove", "path": "/home/kavia/workspace/code-generation/simple-web-tic-tac-toe-318599-318608/tic_tac_toe_frontend/src/ai.js", "pattern": "/^export function pickComputerMove(board, comSymbol) {$/", "language": "JavaScript", "kind": "function", "signature": "(board, comSymbol)"}], "hash": "39cdc9f34a885e1b938a7953a3b51849", "format-version": 4, "code-base-name": "tic_tac_toe_frontend", "filename": "tic_tac_toe_frontend/src/ai.js", "revision_history": [{"43": "e61d788df5e88317234395cce8ea3ff0dc1e9509"}]}