{"is_source_file": false, "format": "", "description": "", "external_files": [], "external_methods": [], "published": [], "classes": [], "methods": [], "calls": [], "search-terms": ["CSS", "Tic Tac Toe", "light theme", "app styles", "CSS variables", "game UI", "frontend styling", "CSS classes"], "state": 2, "file_id": 6, "knowledge_revision": 37, "git_revision": "32cea37be40c445a9e972ab5856696d7e9304249", "hash": "955f8d16720bcd6f9e326664c543863d", "format-version": 4, "code-base-name": "tic_tac_toe_frontend", "filename": "tic_tac_toe_frontend/src/App.css", "revision_history": [{"37": "32cea37be40c445a9e972ab5856696d7e9304249"}]}