{"is_source_file": false, "format": "CSS", "description": "This file contains styling for a web-based Tic Tac Toe game including themes, layout, buttons, board, and animations. It defines CSS variables, classes for UI components, and responsive behaviors.", "external_files": [], "external_methods": [], "published": [], "classes": [], "methods": [], "calls": [], "search-terms": ["tic_tac_toe", "CSS styling", "grid layout", "game theme", "square button styles", "win-state styles", "responsive design"], "state": 2, "file_id": 6, "knowledge_revision": 41, "git_revision": "dc5adf155a4ade9c8e37620d6ff9d56170f13580", "hash": "65c3f2068ae7d6874cfa4a6e54c13052", "format-version": 4, "code-base-name": "tic_tac_toe_frontend", "filename": "tic_tac_toe_frontend/src/App.css", "revision_history": [{"41": "dc5adf155a4ade9c8e37620d6ff9d56170f13580"}]}