{"is_source_file": true, "format": "JavaScript (React JSX)", "description": "React front-end source code implementing a Tic Tac Toe game UI, including components for squares, the game board, and the main App component managing state, game logic integration, and accessibility features.", "external_files": ["./gameLogic", "./App.css"], "external_methods": ["createEmptyBoard", "getWinner", "isDraw"], "published": ["App"], "classes": [], "methods": [{"name": "Square({ value, index, onClick, disabled, variantClassName })", "description": "Stateless component representing a single Tic Tac Toe square with click handling and accessibility labels.", "scope": "", "scopeKind": ""}, {"name": "Board({ squares, onSquareClick, disabled, winnerLine })", "description": "Component rendering a 3x3 grid of squares, highlighting winning lines and managing individual square states.", "scope": "", "scopeKind": ""}, {"name": "App()", "description": "Main React component managing game state, user interactions, game logic integration, and accessibility behaviors.", "scope": "", "scopeKind": ""}, {"name": "handleSquareClick", "description": "Handles user clicking on a square, updates the game state, and toggles the active player."}, {"name": "handleRestart", "description": "Resets the game to the initial state and focuses the restart button."}], "calls": ["createEmptyBoard", "getWinner", "isDraw"], "search-terms": ["React", "Tic Tac Toe", "gameLogic", "accessibility", "winnerLine", "useEffect", "useMemo", "useState", "useRef"], "state": 2, "file_id": 3, "knowledge_revision": 36, "git_revision": "748980cc9f669f8acb7f06573ca374b2007d0a5e", "revision_history": [{"23": "25e97ec5f22675d1443b6bab04f39a33fbad7fc9"}, {"26": "25e97ec5f22675d1443b6bab04f39a33fbad7fc9"}, {"31": "a57cb35c5f41cd6104fcaf424cdf4627e58904bc"}, {"33": "a57cb35c5f41cd6104fcaf424cdf4627e58904bc"}, {"36": "748980cc9f669f8acb7f06573ca374b2007d0a5e"}], "ctags": [{"_type": "tag", "name": "App", "path": "/home/kavia/workspace/code-generation/simple-web-tic-tac-toe-318599-318608/tic_tac_toe_frontend/src/App.js", "pattern": "/^function App() {$/", "language": "JavaScript", "kind": "function", "signature": "()"}, {"_type": "tag", "name": "Board", "path": "/home/kavia/workspace/code-generation/simple-web-tic-tac-toe-318599-318608/tic_tac_toe_frontend/src/App.js", "pattern": "/^function Board({ squares, onSquareClick, disabled, winnerLine }) {$/", "language": "JavaScript", "kind": "function", "signature": "({ squares, onSquareClick, disabled, winnerLine })"}, {"_type": "tag", "name": "Row ${row} Column ${col}: ${valueLabel}", "path": "/home/kavia/workspace/code-generation/simple-web-tic-tac-toe-318599-318608/tic_tac_toe_frontend/src/App.js", "pattern": "/^      aria-label={`Row ${row} Column ${col}: ${valueLabel}`}$/", "language": "JavaScript", "kind": "field", "scope": "Square.aria", "scopeKind": "class"}, {"_type": "tag", "name": "Square", "path": "/home/kavia/workspace/code-generation/simple-web-tic-tac-toe-318599-318608/tic_tac_toe_frontend/src/App.js", "pattern": "/^function Square({ value, index, onClick, disabled, variantClassName }) {$/", "language": "JavaScript", "kind": "function", "signature": "({ value, index, onClick, disabled, variantClassName })"}, {"_type": "tag", "name": "board", "path": "/home/kavia/workspace/code-generation/simple-web-tic-tac-toe-318599-318608/tic_tac_toe_frontend/src/App.js", "pattern": "/^              squares={board}$/", "language": "JavaScript", "kind": "field", "scope": "App.squares", "scopeKind": "class"}, {"_type": "tag", "name": "disabled", "path": "/home/kavia/workspace/code-generation/simple-web-tic-tac-toe-318599-318608/tic_tac_toe_frontend/src/App.js", "pattern": "/^      disabled={disabled}$/", "language": "JavaScript", "kind": "field", "scope": "Square.disabled", "scopeKind": "class"}, {"_type": "tag", "name": "gameEnded", "path": "/home/kavia/workspace/code-generation/simple-web-tic-tac-toe-318599-318608/tic_tac_toe_frontend/src/App.js", "pattern": "/^              aria-label={gameEnded ? 'Restart game (recommended)' : 'Restart game'}$/", "language": "JavaScript", "kind": "field", "scope": "App.aria", "scopeKind": "class"}, {"_type": "tag", "name": "gameEnded", "path": "/home/kavia/workspace/code-generation/simple-web-tic-tac-toe-318599-318608/tic_tac_toe_frontend/src/App.js", "pattern": "/^              disabled={gameEnded}$/", "language": "JavaScript", "kind": "field", "scope": "App.disabled", "scopeKind": "class"}, {"_type": "tag", "name": "handleRestart", "path": "/home/kavia/workspace/code-generation/simple-web-tic-tac-toe-318599-318608/tic_tac_toe_frontend/src/App.js", "pattern": "/^              onClick={handleRestart}$/", "language": "JavaScript", "kind": "field", "scope": "App.onClick", "scopeKind": "class"}, {"_type": "tag", "name": "handleSquareClick", "path": "/home/kavia/workspace/code-generation/simple-web-tic-tac-toe-318599-318608/tic_tac_toe_frontend/src/App.js", "pattern": "/^              onSquareClick={handleSquareClick}$/", "language": "JavaScript", "kind": "field", "scope": "App.onSquareClick", "scopeKind": "class"}, {"_type": "tag", "name": "onClick", "path": "/home/kavia/workspace/code-generation/simple-web-tic-tac-toe-318599-318608/tic_tac_toe_frontend/src/App.js", "pattern": "/^      onClick={onClick}$/", "language": "JavaScript", "kind": "field", "scope": "Square.onClick", "scopeKind": "class"}, {"_type": "tag", "name": "restartBtnRef", "path": "/home/kavia/workspace/code-generation/simple-web-tic-tac-toe-318599-318608/tic_tac_toe_frontend/src/App.js", "pattern": "/^              ref={restartBtnRef}$/", "language": "JavaScript", "kind": "field", "scope": "App.ref", "scopeKind": "class"}, {"_type": "tag", "name": "ttt-restartBtn ${restartEmphasisClass}", "path": "/home/kavia/workspace/code-generation/simple-web-tic-tac-toe-318599-318608/tic_tac_toe_frontend/src/App.js", "pattern": "/^              className={`ttt-restartBtn ${restartEmphasisClass}`.trim()}$/", "language": "JavaScript", "kind": "field", "scope": "App.className", "scopeKind": "class"}, {"_type": "tag", "name": "ttt-square ${variantClassName || ''}", "path": "/home/kavia/workspace/code-generation/simple-web-tic-tac-toe-318599-318608/tic_tac_toe_frontend/src/App.js", "pattern": "/^      className={`ttt-square ${variantClassName || ''}`.trim()}$/", "language": "JavaScript", "kind": "field", "scope": "Square.className", "scopeKind": "class"}, {"_type": "tag", "name": "winnerInfo", "path": "/home/kavia/workspace/code-generation/simple-web-tic-tac-toe-318599-318608/tic_tac_toe_frontend/src/App.js", "pattern": "/^              winnerLine={winnerInfo?.line || null}$/", "language": "JavaScript", "kind": "field", "scope": "App.winnerLine", "scopeKind": "class"}], "hash": "196b451a731287f5fd466f7e3c66c740", "format-version": 4, "code-base-name": "tic_tac_toe_frontend", "filename": "tic_tac_toe_frontend/src/App.js", "fields": [{"name": "aria-label={`Row ${row} Column ${col}: ${valueLabel}`}", "scope": "Square.aria", "scopeKind": "class", "description": "unavailable"}, {"name": "squares={board}", "scope": "App.squares", "scopeKind": "class", "description": "unavailable"}, {"name": "disabled={disabled}", "scope": "Square.disabled", "scopeKind": "class", "description": "unavailable"}, {"name": "aria-label={gameEnded ? 'Restart game (recommended)' : 'Restart game'}", "scope": "App.aria", "scopeKind": "class", "description": "unavailable"}, {"name": "disabled={gameEnded}", "scope": "App.disabled", "scopeKind": "class", "description": "unavailable"}, {"name": "onClick={handleRestart}", "scope": "App.onClick", "scopeKind": "class", "description": "unavailable"}, {"name": "onSquareClick={handleSquareClick}", "scope": "App.onSquareClick", "scopeKind": "class", "description": "unavailable"}, {"name": "onClick={onClick}", "scope": "Square.onClick", "scopeKind": "class", "description": "unavailable"}, {"name": "ref={restartBtnRef}", "scope": "App.ref", "scopeKind": "class", "description": "unavailable"}, {"name": "className={`ttt-restartBtn ${restartEmphasisClass}`.trim()}", "scope": "App.className", "scopeKind": "class", "description": "unavailable"}, {"name": "className={`ttt-square ${variantClassName || ''}`.trim()}", "scope": "Square.className", "scopeKind": "class", "description": "unavailable"}, {"name": "winnerLine={winnerInfo?.line || null}", "scope": "App.winnerLine", "scopeKind": "class", "description": "unavailable"}]}