{"is_source_file": false, "format": "", "description": "", "external_files": [], "external_methods": [], "published": [], "classes": [], "methods": [], "calls": [], "search-terms": [], "state": 2, "file_id": 5, "knowledge_revision": 51, "git_revision": "32cea37be40c445a9e972ab5856696d7e9304249", "hash": "5dd8da60facb40946e1f6256035bd18b", "format-version": 4, "code-base-name": "tic_tac_toe_frontend", "filename": "tic_tac_toe_frontend/src/index.css", "revision_history": [{"51": "32cea37be40c445a9e972ab5856696d7e9304249"}]}