{"is_source_file": true, "format": "JavaScript (ESM module)", "description": "ESLint configuration file written in JavaScript, setting up linting rules and plugin integrations for a JavaScript/React project.", "external_files": ["@eslint/js", "eslint-plugin-react"], "external_methods": ["pluginJs", "pluginReact"], "published": [], "classes": [], "methods": [], "calls": ["pluginJs", "pluginReact", "pluginJs.configs.recommended"], "search-terms": ["eslint", "eslint.config.mjs", "pluginReact", "ecmaVersion", "jsx", "rules", "globals", "plugins"], "state": 2, "file_id": 8, "knowledge_revision": 25, "git_revision": "25e97ec5f22675d1443b6bab04f39a33fbad7fc9", "hash": "be6538e7523bc2e9da0743133d784136", "format-version": 4, "code-base-name": "tic_tac_toe_frontend", "filename": "tic_tac_toe_frontend/eslint.config.mjs", "revision_history": [{"25": "25e97ec5f22675d1443b6bab04f39a33fbad7fc9"}]}