{"is_source_file": false, "format": "", "description": "", "external_files": [], "external_methods": [], "published": [], "classes": [], "methods": [], "calls": [], "search-terms": [], "state": 2, "file_id": 9, "knowledge_revision": 46, "git_revision": "25e97ec5f22675d1443b6bab04f39a33fbad7fc9", "hash": "cb716b4e94ab97a76bfcef3aa86a536b", "format-version": 4, "code-base-name": "tic_tac_toe_frontend", "filename": "tic_tac_toe_frontend/package.json", "revision_history": [{"46": "25e97ec5f22675d1443b6bab04f39a33fbad7fc9"}]}